data_entrada;ordem;nota;centro;unidade;texto_breve;tipo_ordem;status_ordem_raw;status_semantico;responsavel_atual;data_conclusao;status_atualizado_em;incluida_no_painel;observacao
02/01/2026;5217332;10167634;114;PONTA NEGRA;GRAMPEADOR ELETRÔNICOS;PMOS;CONCLUIDO;concluida;Sem responsável;26/01/2026;26/01/2026;Sim;
02/01/2026;5217521;10167087;607;BEMOL FARMA NOVA CIDADE;GRAMPEADOR ELETRÔNICOS;PMOS;CONCLUIDO;concluida;Sem responsável;16/03/2026;16/03/2026;Não;"Nota marcada como excluída do cockpit; ordem mantida no relatório por existir na tabela de ordens."
06/01/2026;5217334;10167818;118;CAMAPUA;GRAMPEADOR ELETRÔNICOS;PMOS;CONCLUIDO;concluida;Sem responsável;23/01/2026;23/01/2026;Sim;
16/01/2026;5220935;10168267;636;FARMA DOM PEDRO;GRAMPEADOR ELETRÔNICOS;PMOS;CONCLUIDO;concluida;Mayky Castro;16/03/2026;16/03/2026;Sim;
16/01/2026;5220949;10168319;115;CIDADE NOVA;GRAMPEADOR ELETRÔNICOS;PMOS;CONCLUIDO;concluida;Rosana Figueira;05/03/2026;05/03/2026;Sim;
19/01/2026;5221109;10168487;105;EDUCANDOS;GRAMPEADOR ELETRÔNICOS;PMOS;CONCLUIDO;concluida;Fabiola Tentuge;19/02/2026;19/02/2026;Sim;
22/01/2026;5221449;10168774;615;FARMA DJALMA;GRAMPEADOR ELETRÔNICOS;PMOS;CONCLUIDO;concluida;Mayky Castro;16/03/2026;16/03/2026;Sim;
26/01/2026;5221134;10168876;118;CAMAPUA;GRAMPEADOR ELETRÔNICOS;PMOS;CONCLUIDO;concluida;Rosana Figueira;05/03/2026;05/03/2026;Sim;
26/01/2026;5221605;10168838;510;ITACOATIARA;GRAMPEADOR ELETRÔNICOS;PMOS;CONCLUIDO;concluida;Rosana Figueira;14/04/2026;24/06/2026;Sim;
27/01/2026;5221741;10167819;705;GETULIO VARGAS;GRAMPEADOR ELETRÔNICOS;PMOS;CONCLUIDO;concluida;Wanderlucio Mendes;26/03/2026;26/03/2026;Sim;
29/01/2026;5221878;10169079;120;SHOPPING PONTA NEGRA;GRAMPEADOR ELETRÔNICOS;PMOS;CONCLUIDO;concluida;Fabiola Tentuge;06/02/2026;20/02/2026;Sim;
30/01/2026;5221913;10169059;645;FARMA COROADO;GRAMPEADOR ELETRÔNICOS;PMOS;AGUARDANDO_FATURAMENTO_NF;concluida;Fabiola Tentuge;28/04/2026;27/05/2026;Sim;
05/02/2026;5221931;10169436;614;BEMOL FARMA PRESIDENTE FIGUEIREDO;GRAMPEADOR ELETRÔNICOS;PMOS;CONCLUIDO;concluida;Rosana Figueira;13/03/2026;23/05/2026;Sim;
05/02/2026;5221979;10169345;637;FARMA BOULEVARD;GRAMPEADOR ELETRÔNICOS;PMOS;AGUARDANDO_FATURAMENTO_NF;concluida;Fabiola Tentuge;16/03/2026;19/06/2026;Sim;
05/02/2026;5222131;10169440;101;MATRIZ;GRAMPEADOR ELETRÔNICOS;PMOS;CONCLUIDO;concluida;Sem responsável;09/02/2026;09/02/2026;Sim;
09/02/2026;5222236;10169421;103;AVENIDA;GRAMPEADOR ELETRÔNICOS;PMOS;CONCLUIDO;concluida;Fabiola Tentuge;10/03/2026;22/06/2026;Sim;
10/02/2026;5222288;10169469;500;TORQUATO;GRAMPEADOR ELETRÔNICOS;PMOS;AGUARDANDO_FATURAMENTO_NF;concluida;Wanderlucio Mendes;28/04/2026;19/06/2026;Sim;
11/02/2026;5222481;10169423;590;PARINTINS;GRAMPEADOR ELETRÔNICOS;PMOS;AVALIACAO_DA_EXECUCAO;em_avaliacao;Fabiola Tentuge;10/07/2026;17/07/2026;Sim;
13/02/2026;5222257;10169617;114;PONTA NEGRA;GRAMPEADOR ELETRÔNICOS;PMOS;CONCLUIDO;concluida;Rosana Figueira;10/03/2026;24/06/2026;Sim;
16/02/2026;5222530;10169662;642;FARMA VIA NORTE;GRAMPEADOR ELETRÔNICOS;PMOS;CONCLUIDO;concluida;Fabiola Tentuge;23/03/2026;22/06/2026;Sim;
16/02/2026;5222535;10169652;109;GRANDE CIRCULAR;GRAMPEADOR ELETRÔNICOS;PMOS;CONCLUIDO;concluida;Fabiola Tentuge;10/03/2026;22/06/2026;Sim;
16/02/2026;5222665;10169752;645;FARMA COROADO;GRAMPEADOR ELETRÔNICOS;PMOS;AGUARDANDO_FATURAMENTO_NF;concluida;Fabiola Tentuge;28/04/2026;08/05/2026;Sim;
18/02/2026;5222727;10169874;627;FARMA GETULIO VARGAS;GRAMPEADOR ELETRÔNICOS;PMOS;CONCLUIDO;concluida;Wanderlucio Mendes;26/03/2026;22/05/2026;Sim;
23/02/2026;5222796;10170113;106;AMAZONAS SHOPPING;GRAMPEADOR ELETRÔNICOS;PMOS;CONCLUIDO;concluida;Fabiola Tentuge;11/03/2026;23/06/2026;Sim;
23/02/2026;5222799;10170083;105;EDUCANDOS;GRAMPEADOR ELETRÔNICOS;PMOS;CONCLUIDO;concluida;Fabiola Tentuge;12/03/2026;22/06/2026;Sim;
23/02/2026;5222866;10169681;615;FARMA DJALMA;GRAMPEADOR ELETRÔNICOS;PMOS;AGUARDANDO_FATURAMENTO_NF;concluida;Rosana Figueira;28/04/2026;19/06/2026;Sim;
26/02/2026;5222978;10170146;119;SHOPPING MANAUARA;GRAMPEADOR ELETRÔNICOS;PMOS;CONCLUIDO;concluida;Rosana Figueira;11/03/2026;10/04/2026;Sim;
26/02/2026;5223229;10170012;648;FARMA NOEL NUTELS;GRAMPEADOR ELETRÔNICOS;PMOS;CONCLUIDO;concluida;Brenda Fonseca;26/02/2026;26/06/2026;Sim;
02/03/2026;5222930;10170561;115;CIDADE NOVA;GRAMPEADOR ELETRÔNICOS;PMOS;CONCLUIDO;concluida;Rosana Figueira;11/03/2026;10/04/2026;Sim;
03/03/2026;5223135;10170605;118;CAMAPUA;GRAMPEADOR ELETRÔNICOS;PMOS;CONCLUIDO;concluida;Rosana Figueira;13/03/2026;10/04/2026;Sim;
05/03/2026;5223344;10169621;649;FARMA FLORES;GRAMPEADOR ELETRÔNICOS;PMOS;CONCLUIDO;concluida;Wanderlucio Mendes;23/04/2026;22/04/2026;Sim;
05/03/2026;5223463;10170538;649;FARMA FLORES;GRAMPEADOR ELETRÔNICOS;PMOS;CONCLUIDO;concluida;Sem responsável;28/04/2026;24/03/2026;Sim;
09/03/2026;5223602;10170772;647;FARMA AV. DAS TORRES;GRAMPEADOR ELETRÔNICOS;PMOS;CONCLUIDO;concluida;Wanderlucio Mendes;20/03/2026;16/04/2026;Sim;
09/03/2026;5223628;10170495;520;MANACAPURU;GRAMPEADOR ELETRÔNICOS;PMOS;CONCLUIDO;concluida;Paula Matos;18/04/2026;06/05/2026;Sim;
16/03/2026;5224103;10171141;121;NOVA CIDADE;GRAMPEADOR ELETRÔNICOS;PMOS;CONCLUIDO;concluida;Paula Matos;16/03/2026;15/04/2026;Sim;
17/03/2026;5224183;10171171;530;PRESIDENTE FIGUEIREDO;GRAMPEADOR ELETRÔNICOS;PMOS;CONCLUIDO;concluida;Paula Matos;30/04/2026;04/05/2026;Sim;
17/03/2026;5224284;10170848;204;JATUARANA;GRAMPEADOR ELETRÔNICOS;PMOS;CONCLUIDO;concluida;Fabiola Tentuge;28/04/2026;15/04/2026;Sim;
18/03/2026;5224290;10171373;114;PONTA NEGRA;GRAMPEADOR ELETRÔNICOS;PMOS;CONCLUIDO;concluida;Fabiola Tentuge;25/03/2026;25/03/2026;Sim;
18/03/2026;5224406;10171425;118;CAMAPUA;GRAMPEADOR ELETRÔNICOS;PMOS;CONCLUIDO;concluida;Paula Matos;26/03/2026;06/04/2026;Sim;
18/03/2026;5224410;10171380;637;FARMA BOULEVARD;GRAMPEADOR ELETRÔNICOS;PMOS;CONCLUIDO;concluida;Fabiola Tentuge;14/04/2026;08/05/2026;Sim;
19/03/2026;5224418;10171498;644;FARMA FRANCESES;GRAMPEADOR ELETRÔNICOS;PMOS;CONCLUIDO;concluida;Paula Matos;27/03/2026;25/04/2026;Sim;
21/03/2026;5224229;10171224;109;GRANDE CIRCULAR;GRAMPEADOR ELETRÔNICOS;PMOS;AVALIACAO_DA_EXECUCAO;em_avaliacao;Rosana Figueira;30/05/2026;17/07/2026;Sim;
23/03/2026;5224510;10171568;645;FARMA COROADO;GRAMPEADOR ELETRÔNICOS;PMOS;CONCLUIDO;concluida;Paula Matos;26/03/2026;18/04/2026;Sim;
23/03/2026;5224535;10171563;624;FARMA MANACAPURU;GRAMPEADOR ELETRÔNICOS;PMOS;CONCLUIDO;concluida;Paula Matos;27/03/2026;27/03/2026;Sim;
30/03/2026;5224778;10171833;531;AUTAZES;GRAMPEADOR ELETRÔNICOS;PMOS;CONCLUIDO;concluida;Fabiola Tentuge;23/04/2026;06/05/2026;Sim;
30/03/2026;5224854;10171781;510;ITACOATIARA;GRAMPEADOR ELETRÔNICOS;PMOS;CONCLUIDO;concluida;Paula Matos;14/04/2026;30/04/2026;Sim;
31/03/2026;5224954;10172028;121;NOVA CIDADE;GRAMPEADOR ELETRÔNICOS;PMOS;CONCLUIDO;concluida;Paula Matos;21/04/2026;25/04/2026;Sim;
07/04/2026;5225012;10172060;592;MAUES;GRAMPEADOR ELETRÔNICOS;PMOS;CONCLUIDO;concluida;Rosana Figueira;08/04/2026;08/04/2026;Sim;
10/04/2026;5225318;10172432;106;AMAZONAS SHOPPING;GRAMPEADOR ELETRÔNICOS;PMOS;CONCLUIDO;concluida;Rosana Figueira;28/04/2026;04/05/2026;Sim;
10/04/2026;5225355;10172425;114;PONTA NEGRA;GRAMPEADOR ELETRÔNICOS;PMOS;CONCLUIDO;concluida;Rosana Figueira;23/04/2026;30/04/2026;Sim;
11/04/2026;5225371;10172492;118;CAMAPUA;GRAMPEADOR ELETRÔNICOS;PMOS;CONCLUIDO;concluida;Wanderlucio Mendes;28/04/2026;30/04/2026;Sim;
14/04/2026;5225493;10172583;115;CIDADE NOVA;GRAMPEADOR ELETRÔNICOS;PMOS;CONCLUIDO;concluida;Fabiola Tentuge;06/05/2026;13/07/2026;Sim;
14/04/2026;5225523;10172631;500;TORQUATO;GRAMPEADOR ELETRÔNICOS;PMOS;CONCLUIDO;concluida;Rosana Figueira;07/05/2026;13/07/2026;Sim;
15/04/2026;5225558;10172676;105;EDUCANDOS;GRAMPEADOR ELETRÔNICOS;PMOS;CONCLUIDO;concluida;Fabiola Tentuge;21/05/2026;14/07/2026;Sim;
16/04/2026;5225579;10172743;103;AVENIDA;GRAMPEADOR ELETRÔNICOS;PMOS;CONCLUIDO;concluida;Rosana Figueira;06/05/2026;15/07/2026;Sim;
22/04/2026;5225923;10172937;605;BEMOL FARMA MATRIZ;GRAMPEADOR ELETRÔNICOS;PMOS;CONCLUIDO;concluida;Fabiola Tentuge;28/04/2026;17/07/2026;Sim;
27/04/2026;5226197;10173209;105;EDUCANDOS;GRAMPEADOR ELETRÔNICOS;PMOS;CONCLUIDO;concluida;Rosana Figueira;21/05/2026;17/07/2026;Sim;
28/04/2026;5226205;10173271;202;SHOPPING PORTO VELHO;GRAMPEADOR ELETRÔNICOS;PMOS;EXECUCAO_SATISFATORIO;avaliada;Wanderlucio Mendes;23/05/2026;17/07/2026;Sim;
29/04/2026;5226383;10173352;606;BEMOL FARMA SHOPPING PONTA NEGRA;GRAMPEADOR ELETRÔNICOS;PMOS;CONCLUIDO;concluida;Wanderlucio Mendes;23/05/2026;17/07/2026;Sim;
30/04/2026;5226431;10173397;649;FARMA FLORES;GRAMPEADOR ELETRÔNICOS;PMOS;CONCLUIDO;concluida;Paula Matos;06/05/2026;17/07/2026;Sim;
06/05/2026;5226667;10173745;645;FARMA COROADO;GRAMPEADOR ELETRÔNICOS;PMOS;CONCLUIDO;concluida;Fabiola Tentuge;08/05/2026;17/07/2026;Sim;
07/05/2026;5226744;10173735;560;RIO PRETO;GRAMPEADOR ELETRÔNICOS;PMOS;CONCLUIDO;concluida;Wanderlucio Mendes;23/05/2026;17/07/2026;Sim;
08/05/2026;5226757;10173781;109;GRANDE CIRCULAR;GRAMPEADOR ELETRÔNICOS;PMOS;AVALIACAO_DA_EXECUCAO;em_avaliacao;Paula Matos;04/06/2026;17/07/2026;Sim;
11/05/2026;5226796;10173848;647;FARMA AV. DAS TORRES;GRAMPEADOR ELETRÔNICOS;PMOS;CONCLUIDO;concluida;Rosana Figueira;23/05/2026;17/07/2026;Sim;
12/05/2026;5226973;10173960;591;COARI;GRAMPEADOR ELETRÔNICOS;PMOS;CONCLUIDO;concluida;Rosana Figueira;04/06/2026;17/07/2026;Sim;
14/05/2026;5227123;10174022;114;PONTA NEGRA;GRAMPEADOR ELETRÔNICOS;PMOS;EM_EXECUCAO;em_execucao;Rosana Figueira;27/05/2026;17/07/2026;Sim;
15/05/2026;5227136;10174098;648;FARMA NOEL NUTELS;GRAMPEADOR ELETRÔNICOS;PMOS;CONCLUIDO;concluida;Rosana Figueira;15/05/2026;17/07/2026;Sim;
19/05/2026;5227341;10174268;206;ARIQUEMES;GRAMPEADOR ELETRÔNICOS;PMOS;EXECUCAO_SATISFATORIO;avaliada;Wanderlucio Mendes;21/06/2026;17/07/2026;Sim;
22/05/2026;5227615;10174488;118;CAMAPUA;GRAMPEADOR ELETRÔNICOS;PMOS;EM_EXECUCAO;em_execucao;Wanderlucio Mendes;27/05/2026;17/07/2026;Sim;
26/05/2026;5227863;10174460;115;CIDADE NOVA;GRAMPEADOR ELETRÔNICOS;PMOS;EXECUCAO_SATISFATORIO;avaliada;Wanderlucio Mendes;21/06/2026;17/07/2026;Sim;
26/05/2026;5227864;10174282;101;MATRIZ;GRAMPEADOR ELETRÔNICOS;PMOS;EM_EXECUCAO;em_execucao;Wanderlucio Mendes;04/06/2026;17/07/2026;Sim;
26/05/2026;5227866;10174688;510;ITACOATIARA;GRAMPEADOR ELETRÔNICOS;PMOS;CONCLUIDO;concluida;Wanderlucio Mendes;21/06/2026;17/07/2026;Sim;
27/05/2026;5227918;10175019;592;MAUES;GRAMPEADOR ELETRÔNICOS;PMOS;CONCLUIDO;concluida;Rosana Figueira;30/05/2026;17/07/2026;Sim;
27/05/2026;5228142;10175116;119;SHOPPING MANAUARA;GRAMPEADOR ELETRÔNICOS;PMOS;EXECUCAO_NAO_REALIZADA;nao_realizada;Rosana Figueira;26/06/2026;17/07/2026;Sim;
01/06/2026;5228333;10175352;592;MAUES;GRAMPEADOR ELETRÔNICOS;PMOS;CONCLUIDO;concluida;Rosana Figueira;04/06/2026;17/07/2026;Sim;
03/06/2026;5228821;10175778;607;BEMOL FARMA NOVA CIDADE;GRAMPEADOR ELETRÔNICOS;PMOS;EM_EXECUCAO;em_execucao;Rosana Figueira;;17/07/2026;Sim;
05/06/2026;5228836;10175849;106;AMAZONAS SHOPPING;GRAMPEADOR ELETRÔNICOS;PMOS;EM_EXECUCAO;em_execucao;Wanderlucio Mendes;;17/07/2026;Sim;
05/06/2026;5228926;10175886;106;AMAZONAS SHOPPING;GRAMPEADOR ELETRÔNICOS;PMOS;EM_EXECUCAO;em_execucao;Rosana Figueira;;17/07/2026;Sim;
09/06/2026;5229013;10175992;119;SHOPPING MANAUARA;GRAMPEADOR ELETRÔNICOS;PMOS;AVALIACAO_DA_EXECUCAO;em_avaliacao;Fabiola Tentuge;28/06/2026;17/07/2026;Sim;
09/06/2026;5229028;10176031;105;EDUCANDOS;GRAMPEADOR ELETRÔNICOS;PMOS;CONCLUIDO;concluida;Rosana Figueira;26/06/2026;17/07/2026;Sim;
09/06/2026;5229080;10176033;500;TORQUATO;GRAMPEADOR ELETRÔNICOS;PMOS;EXECUCAO_NAO_REALIZADA;nao_realizada;Rosana Figueira;;17/07/2026;Sim;
10/06/2026;5229206;10175952;119;SHOPPING MANAUARA;GRAMPEADOR ELETRÔNICOS;PMOS;EXECUCAO_NAO_REALIZADA;nao_realizada;Paula Matos;11/07/2026;17/07/2026;Sim;
10/06/2026;5229213;10176156;121;NOVA CIDADE;GRAMPEADOR ELETRÔNICOS;PMOS;EM_EXECUCAO;em_execucao;Fabiola Tentuge;;17/07/2026;Sim;
12/06/2026;5229368;10176343;612;FARMA MANAUARA;GRAMPEADOR ELETRÔNICOS;PMOS;AVALIACAO_DA_EXECUCAO;em_avaliacao;Fabiola Tentuge;05/07/2026;17/07/2026;Sim;
17/06/2026;5229732;10176691;637;FARMA BOULEVARD;GRAMPEADOR ELETRÔNICOS;PMOS;CONCLUIDO;concluida;Rosana Figueira;24/06/2026;17/07/2026;Sim;
20/06/2026;5229943;10176927;648;FARMA NOEL NUTELS;GRAMPEADOR ELETRÔNICOS;PMOS;AVALIACAO_DA_EXECUCAO;em_avaliacao;Rosana Figueira;12/07/2026;17/07/2026;Sim;
22/06/2026;5229968;10176931;520;MANACAPURU;GRAMPEADOR ELETRÔNICOS;PMOS;EXECUCAO_NAO_REALIZADA;nao_realizada;Rosana Figueira;10/07/2026;17/07/2026;Sim;
30/06/2026;5230409;10177380;101;MATRIZ;GRAMPEADOR ELETRÔNICOS;PMOS;AVALIACAO_DA_EXECUCAO;em_avaliacao;Fabiola Tentuge;04/07/2026;17/07/2026;Sim;
30/06/2026;5230412;10177370;604;FARMA GRANDE CIRCULAR;GRAMPEADOR ELETRÔNICOS;PMOS;CONCLUIDO;concluida;Rosana Figueira;12/07/2026;17/07/2026;Sim;
