bucket,status_ordem_raw,ordem_codigo,numero_nota,unidade,centro,ordem_detectada_em,nota_id,ordem_id
em_execucao,EM_EXECUCAO,5223622,10170656,AMAZONAS SHOPPING,106,2026-03-09T00:00:00+00:00,d5003768-93bc-4647-b794-5fa539877bed,4e1a4a91-fa7e-41b8-9dbd-946bca65a2d6
em_execucao,EM_EXECUCAO,5223626,10170766,AMAZONAS SHOPPING,106,2026-03-09T00:00:00+00:00,997c91db-bf15-4096-95d5-9225b61957ac,fe2ffbf3-6430-4e89-9a48-ebf6146605b0
em_execucao,EM_EXECUCAO,5223696,10170912,AMAZONAS SHOPPING,106,2026-03-11T00:00:00+00:00,92796962-a48e-4bb0-aac6-e93d96265e3f,a6733c2c-d10d-43c9-9206-36284db77b86
em_execucao,EQUIPAMENTO_EM_CONSERTO,5223841,10171045,AMAZONAS SHOPPING,106,2026-03-13T00:00:00+00:00,d62a2ace-dc77-40b6-9d36-f90db74a76e0,5d8a01c4-88e4-48f0-81ca-99f36f4e1c22
em_execucao,EM_EXECUCAO,5224045,10171221,AMAZONAS SHOPPING,106,2026-03-16T00:00:00+00:00,fc9ce612-69dd-4cdd-9541-a9f3fcf8f7fd,bb288507-c172-41b8-9f55-428995c67a9c
em_execucao,EQUIPAMENTO_EM_CONSERTO,5223214,10170408,ATAIDE TEIVE,702,2026-02-26T00:00:00+00:00,25330bcf-86e1-4cad-98f3-7cc75aaee399,7b2cb776-bee9-4951-a7df-5c8ae276e6ca
em_execucao,EM_EXECUCAO,5222935,10170616,AUTAZES,531,2026-03-04T00:00:00+00:00,16a99f25-e1aa-4c08-8744-e70ff6842e87,71369082-8af0-4fcc-b35d-f79ec328f383
em_execucao,EQUIPAMENTO_EM_CONSERTO,5222938,10170619,AUTAZES,531,2026-03-04T00:00:00+00:00,cf925297-8db4-476a-bd3f-a9631e98f1c1,0fa65f25-5e0b-4b95-a2ed-531edd02c797
em_execucao,ENVIAR_EMAIL_PFORNECEDOR,5223382,10170486,AUTAZES,531,2026-03-03T00:00:00+00:00,a1752e72-a977-44da-a714-74e443db31db,be087e59-675c-4b7b-b2ba-02eafe29a3b3
em_execucao,EM_EXECUCAO,5221675,10168249,AVENIDA,103,2026-01-27T00:00:00+00:00,d4943fda-b06e-4d1f-bff5-077753b566bb,88e6f44c-5503-4e50-9f44-9be876505c6b
em_execucao,EM_EXECUCAO,5221985,10169093,AVENIDA,103,2026-02-02T00:00:00+00:00,31e997f4-f070-48eb-a230-4fbf29159c33,762ba0d6-f1a7-49a5-b3da-982f523d1b39
em_execucao,ENVIAR_EMAIL_PFORNECEDOR,5223288,10169543,AVENIDA,103,2026-03-05T00:00:00+00:00,45330a8c-07de-4329-93b2-834f50b53f48,ebe0fcd5-a452-4c7a-99d9-4927e33dfe5b
em_execucao,EQUIPAMENTO_EM_CONSERTO,5224001,10171144,AVENIDA,103,2026-03-13T00:00:00+00:00,cb765293-b4ef-401c-8851-fbcb32ece4a7,d142a807-0e4d-4ecd-bcfc-eff7a5982f6a
em_execucao,EM_EXECUCAO,5224143,10171235,AVENIDA,103,2026-03-16T00:00:00+00:00,aeec1462-037f-4eac-a4e2-322f320c0724,7128a5c1-8397-49bd-87ae-77b8b2b74d00
em_execucao,EM_EXECUCAO,5223361,10170523,BEMOL FARMA AMAZONAS SHOPPING,603,2026-03-02T00:00:00+00:00,1864cf5b-6131-493f-9d7c-82e408b83773,f41cd6e1-1c46-4aa6-a089-11a57d6d8818
em_execucao,EQUIPAMENTO_EM_CONSERTO,5223192,10170564,BEMOL FARMA COARI,640,2026-03-02T00:00:00+00:00,c76dbb10-dd72-4a9f-ae02-b3e75a3a45a1,bd041c75-1d25-4ccc-878f-087eee15c395
em_execucao,EM_EXECUCAO,5224151,10169578,BEMOL FARMA COARI,640,2026-03-16T00:00:00+00:00,372dbb27-8d82-4e69-bccd-ed913f387475,4266df40-bd26-40d0-a5de-81443bc394d9
em_execucao,EM_EXECUCAO,5222448,10169639,BEMOL FARMA NOVA CIDADE,607,2026-02-12T00:00:00+00:00,540b418a-1c53-4bd4-943c-bcec7434ea40,1ead99ac-4954-45d4-9330-c709409d0e9d
em_execucao,EQUIPAMENTO_EM_CONSERTO,5223225,10170203,BEMOL FARMA NOVA CIDADE,607,2026-02-26T00:00:00+00:00,82f36c66-395e-44c3-bf54-9b60c185c9da,66ccdde9-1fbe-4a09-aba7-f0788833fc46
em_execucao,EM_EXECUCAO,5223525,10170678,BEMOL FARMA NOVA CIDADE,607,2026-03-06T00:00:00+00:00,ae81c0cc-87b5-410c-be78-aedc4dae3678,bb301e85-771f-4dd7-b440-b82f398aa49e
em_execucao,EM_EXECUCAO,5223444,10170594,BEMOL FARMA PRESIDENTE FIGUEIREDO,614,2026-03-04T00:00:00+00:00,23c69572-9f2f-46fd-97ce-da3b9710b5f6,667af227-36bc-4bce-8141-c1734cf35f16
em_execucao,EM_EXECUCAO,5223944,10171080,BEMOL FARMA TORQUATO,601,2026-03-13T00:00:00+00:00,381b2b21-2c6a-4828-951a-3b8ea8ab48da,3d5a593c-d906-4168-906d-2f815d532b1c
em_execucao,EM_EXECUCAO,5224144,10171215,BEMOL FARMA TORQUATO,601,2026-03-16T00:00:00+00:00,8fcbf21e-9420-45bc-933b-293f4d72af38,de14ef2f-bb42-4249-ac74-7fe89e37d8ab
em_execucao,ENVIAR_EMAIL_PFORNECEDOR,5222832,10169933,CAMAPUA,118,2026-03-04T00:00:00+00:00,23c1237c-a2ff-4f61-85c4-5f7ce68239fb,83a5d927-d36e-4294-982c-9d0adf995e20
em_execucao,EM_EXECUCAO,5223531,10170726,CAMAPUA,118,2026-03-06T00:00:00+00:00,9230e455-f72d-4373-bfd4-dad837b9e72c,bb8fee8f-f58b-4cb8-b0e3-9861c16634d6
em_execucao,EM_EXECUCAO,5223538,10170737,CAMAPUA,118,2026-03-07T00:00:00+00:00,0ccc6618-ab8e-4e3b-a3d2-0234f813bf17,580d32d4-d3da-4c69-93ec-eef67caed738
em_execucao,EM_EXECUCAO,5223539,10170736,CAMAPUA,118,2026-03-07T00:00:00+00:00,04e5d0a0-a854-494a-851b-b11ded74805c,76672391-dd5a-40d3-b985-21160052d06b
em_execucao,EQUIPAMENTO_EM_CONSERTO,5223557,10170942,CAMAPUA,118,2026-03-11T00:00:00+00:00,e734c772-d986-4612-b784-4edf71a524bb,6847be9c-3f9a-4567-9388-e0a9ce0317e9
em_execucao,EQUIPAMENTO_EM_CONSERTO,5223842,10171046,CAMAPUA,118,2026-03-13T00:00:00+00:00,1e55449d-b5fc-466d-8137-464768139468,1b0d728a-e415-4061-a91e-cbf851ca9831
em_execucao,EM_EXECUCAO,5224051,10171173,CAMAPUA,118,2026-03-16T00:00:00+00:00,b675d99b-9248-45fc-ab30-61a4a4c7f8df,1b17ca87-8732-49c5-a588-fbc4263308e9
em_execucao,EM_EXECUCAO,5224149,10171170,CAMAPUA,118,2026-03-16T00:00:00+00:00,62b08a87-42cb-4790-a413-c6764a175a80,cf01ef9c-bc36-446f-968b-d743926a87cb
em_execucao,EQUIPAMENTO_EM_CONSERTO,5223010,10170710,CAREIRO,580,2026-03-06T00:00:00+00:00,60cdb406-8dba-4329-9ba0-2d7ce0e3d096,63003ec6-2291-4c50-937a-2b4d519bdf9a
em_execucao,ENVIAR_EMAIL_PFORNECEDOR,5223011,10170711,CAREIRO,580,2026-03-06T00:00:00+00:00,c79f3af9-cdba-43b2-853d-ffd70412a9d0,b03b2905-7bdc-4bd1-91a3-e83e3886ca27
em_execucao,ENVIAR_EMAIL_PFORNECEDOR,5223485,10170712,CAREIRO,580,2026-03-06T00:00:00+00:00,1a7daaed-a169-4b20-947c-f693cb9ecff5,9a8262fb-55ce-44e8-ad3d-989e23f3b6f9
em_execucao,EQUIPAMENTO_EM_CONSERTO,5223889,10171061,CAREIRO,580,2026-03-12T00:00:00+00:00,7172e20d-07f9-4359-a5b2-82809aa8cc54,f1bb1085-c006-4298-98f0-6013611ff11e
em_execucao,EQUIPAMENTO_EM_CONSERTO,5223190,10170574,CD BOA VISTA,704,2026-03-02T00:00:00+00:00,ab865ee3-9dd6-4510-951f-6299ef7c1675,712a805a-0653-4afd-98c7-58c499150eb0
em_execucao,EQUIPAMENTO_EM_CONSERTO,5223451,10170714,CD BOA VISTA,704,2026-03-06T00:00:00+00:00,ac28ce34-95d7-48df-8c0e-f4b03f6a4697,7464dce9-1487-4403-a5cc-501671f9926f
em_execucao,EQUIPAMENTO_EM_CONSERTO,5222602,10169799,CD PORTO VELHO,203,2026-02-14T00:00:00+00:00,73be8f97-1957-4eea-8847-895c0715b6a4,3879054b-ce46-4248-8a95-2a965a3c40b8
em_execucao,EQUIPAMENTO_EM_CONSERTO,5222603,10169800,CD PORTO VELHO,203,2026-02-14T00:00:00+00:00,ee4ce9ba-d30c-4653-870b-5665e423abd9,645643b9-1f8e-4ccf-9d2a-35ac43773669
em_execucao,EM_EXECUCAO,5223459,10170330,CD PORTO VELHO,203,2026-03-10T00:00:00+00:00,dc351e3a-ba73-4f1f-bcf6-64c7fe972537,1b9562d5-179c-4e98-b61c-e2ae5c8fa992
em_execucao,EQUIPAMENTO_EM_CONSERTO,5224020,10171174,CD PORTO VELHO,203,2026-03-14T00:00:00+00:00,ae3afad5-eb2e-452a-bee6-3b94f1bfb117,57a07c02-f1c7-47ee-a653-fb8123f35d0e
em_execucao,EQUIPAMENTO_EM_CONSERTO,5224080,10171184,CD PORTO VELHO,203,2026-03-14T00:00:00+00:00,d926f956-7b14-416a-a173-c00098611876,e280d89c-3904-4f73-8162-b930e71f4136
em_execucao,EM_EXECUCAO,5220657,10168307,CIDADE NOVA,115,2026-01-15T00:00:00+00:00,5cb102c1-e855-4095-aed2-3d061d5ceeb7,b718647c-1343-4735-809c-3bda76fc08f0
em_execucao,EM_EXECUCAO,5222422,10169685,CIDADE NOVA,115,2026-02-11T00:00:00+00:00,051d2a2a-7202-4397-a789-5cd3df0c9b55,109e977b-49de-4cdc-8947-849aafa7fb7d
em_execucao,EM_EXECUCAO,5223175,10170409,CIDADE NOVA,115,2026-02-26T00:00:00+00:00,4259a264-a3c8-4654-ad2a-b97c867b2c93,5507ce74-adf2-4c9b-a48b-8feb4760954a
em_execucao,EM_EXECUCAO,5223370,10170540,CIDADE NOVA,115,2026-03-03T00:00:00+00:00,0db41913-abce-4f1e-9c3c-e023fc562e72,02a67728-5cf6-47c0-a8bd-e46f6d961563
em_execucao,EM_EXECUCAO,5223532,10170689,CIDADE NOVA,115,2026-03-06T00:00:00+00:00,72274352-dd77-4504-b3bd-1df8f7b02b47,84fbabf8-6abf-42e4-91c5-10ebbd1e9457
em_execucao,ENVIAR_EMAIL_PFORNECEDOR,5223533,10170688,CIDADE NOVA,115,2026-03-06T00:00:00+00:00,bc32f083-6ff3-4f5b-ae94-19bc8552ba1d,f448e132-b529-4655-b448-620ffbbb1ff8
em_execucao,EM_EXECUCAO,5223786,10170938,CIDADE NOVA,115,2026-03-11T00:00:00+00:00,1ef61b55-1e6a-4d2d-a111-8e7988bafd3d,8d737a14-9b18-4b00-92a0-44197b50103a
em_execucao,EM_EXECUCAO,5223839,10171042,CIDADE NOVA,115,2026-03-13T00:00:00+00:00,0b47d0e6-4bce-4cdf-a0fa-c8c5c32e9b04,c1027832-538e-4afe-affa-9c6df950716d
em_execucao,EM_EXECUCAO,5224048,10171197,CIDADE NOVA,115,2026-03-16T00:00:00+00:00,63e2fdb5-3ff4-4086-bcc8-f65bf286c3c1,26a902a7-1c62-4203-8b11-622f76f261b3
em_execucao,EM_EXECUCAO,5224049,10171196,CIDADE NOVA,115,2026-03-16T00:00:00+00:00,ed040e61-72bb-48d4-a35d-bcb8a07f62b3,f43cf535-4ffc-49a3-bb3e-3028df0811bb
em_execucao,EM_EXECUCAO,5224056,10171220,CIDADE NOVA,115,2026-03-16T00:00:00+00:00,88fa138c-86e8-4f0c-8498-fe18c5b1a538,866ea8a7-f661-4a8f-bc6d-04c0bcd525e8
em_execucao,EM_EXECUCAO,5220777,10168555,COARI,591,2026-01-19T00:00:00+00:00,b55af2c6-d53d-4e63-8d24-772ae35dd655,91cb8e47-0833-42e7-8d6f-88f0b8a7af5b
em_execucao,ENVIAR_EMAIL_PFORNECEDOR,5221200,10168558,COARI,591,2026-01-19T00:00:00+00:00,077fadea-e306-43f6-85c1-702ea94774dd,41a8ae3f-11e2-47f2-b857-1859e4b9124c
em_execucao,ENVIAR_EMAIL_PFORNECEDOR,5221202,10168560,COARI,591,2026-01-19T00:00:00+00:00,78d86749-d4c8-461f-a674-4d39f9784ef0,ed0f37dc-56d7-453c-a6a6-da23064c2d8a
em_execucao,ENVIAR_EMAIL_PFORNECEDOR,5221203,10168561,COARI,591,2026-01-19T00:00:00+00:00,bd32d87c-5aa3-4c00-a85f-e8d5de1d3008,90f8985b-ad4c-4e29-85b5-8b3a37b4e100
em_execucao,ENVIAR_EMAIL_PFORNECEDOR,5221204,10168562,COARI,591,2026-01-19T00:00:00+00:00,e821ab67-5b74-454b-99d5-76421b544aa0,77955ed0-f8ed-4fdb-9fc8-180ae2c372f0
em_execucao,ENVIAR_EMAIL_PFORNECEDOR,5221205,10167954,COARI,591,2026-01-19T00:00:00+00:00,93219f28-8aaa-4221-b520-d38da1554790,f7c96fc1-d789-424f-9952-f4ad9295f312
em_execucao,ENVIAR_EMAIL_PFORNECEDOR,5221208,10168563,COARI,591,2026-01-19T00:00:00+00:00,1fc879aa-d145-4727-90a5-d9506ec4eaa0,4583dcf8-a899-4686-b912-98af4ab77f35
em_execucao,EQUIPAMENTO_EM_CONSERTO,5222612,10169857,COARI,591,2026-02-18T00:00:00+00:00,8d73e3d2-9f77-4190-a977-562236341227,c88e53ad-157d-4233-8dd2-ca90ba8e03d8
em_execucao,EQUIPAMENTO_EM_CONSERTO,5223228,10170079,COARI,591,2026-02-26T00:00:00+00:00,8d9ee673-c9fe-488d-8e7e-5ffe705b8ac5,41bbd218-c6f2-4069-b492-d0fce4f38251
em_execucao,EQUIPAMENTO_EM_CONSERTO,5223253,10170390,COARI,591,2026-02-27T00:00:00+00:00,67556326-1c30-4f43-a878-398dd7dd17a2,a5f5e0c9-1efd-4b13-95a7-5d0a9367fdb0
em_execucao,EQUIPAMENTO_EM_CONSERTO,5223255,10170384,COARI,591,2026-02-27T00:00:00+00:00,7c8135d0-9215-4dfd-813f-c3a6c8293cf3,409f9f7a-9cf2-448e-9e8d-0693288bd2be
em_execucao,EM_EXECUCAO,5223373,10170563,COARI,591,2026-03-03T00:00:00+00:00,fc3042cd-8e28-457b-9926-fa339272c874,ee91cbdd-7bb4-43f7-8bdc-2d18a08a25a6
em_execucao,ENVIAR_EMAIL_PFORNECEDOR,5223487,10170687,COARI,591,2026-03-06T00:00:00+00:00,b648dcaa-e387-4f0e-9a6f-4325494c283c,ede396d3-5f2e-4cdf-bdd7-08fe825475a2
em_execucao,EQUIPAMENTO_EM_CONSERTO,5222929,10170091,CODAJAS,561,2026-02-27T00:00:00+00:00,0231315e-be3d-45b6-8775-afe2da87c33f,a4ff6a7b-8528-4e9b-92d8-0e5e5856541c
em_execucao,EM_EXECUCAO,5223787,10170940,EDUCANDOS,105,2026-03-11T00:00:00+00:00,771686dd-1133-4b27-a703-6d48a565e205,1e7655f9-8f2a-4aa6-959a-3c8b5b6b26a1
em_execucao,EM_EXECUCAO,5223788,10170939,EDUCANDOS,105,2026-03-11T00:00:00+00:00,74b0265e-9769-4d42-9bac-e3d07df6a7b5,ac18daa9-e1bb-493f-b0fc-633e311ca24d
em_execucao,EM_EXECUCAO,5223790,10170970,EDUCANDOS,105,2026-03-11T00:00:00+00:00,7bdebe15-8d86-4624-8f00-cc3d5b521dc6,96cbd43b-f83d-4ba2-8d15-1859626162d5
em_execucao,EQUIPAMENTO_EM_CONSERTO,5223882,10171054,EDUCANDOS,105,2026-03-12T00:00:00+00:00,f455d02e-bd3a-4353-880d-56b81779d0ef,6427a10e-3fb3-4085-89d2-e1a4dfa93ee9
em_execucao,EM_EXECUCAO,5224150,10171036,EDUCANDOS,105,2026-03-16T00:00:00+00:00,ab05cc8f-1dde-46c7-a73a-2f139b9f28aa,10a6196c-7012-4d49-ac61-ba01eb059f82
em_execucao,EM_EXECUCAO,5222450,10169741,FARMA AV. DAS TORRES,647,2026-02-12T00:00:00+00:00,5ec5aa26-7559-4474-80b5-ef4dccaf4b6c,5c0bed77-1968-49bb-9702-3060c9711fdc
em_execucao,EM_EXECUCAO,5223781,10170936,FARMA AV. DAS TORRES,647,2026-03-11T00:00:00+00:00,90751689-1c8e-4d62-a809-c841455969bb,3747f93e-df1e-4bf3-917b-45d7df6bca7a
em_execucao,EM_EXECUCAO,5223526,10170499,FARMA BOULEVARD,637,2026-03-06T00:00:00+00:00,a4b581fd-94e1-4dad-a9e6-42299f7f39e0,385fde62-bc16-49e6-a92a-22303d9def63
em_execucao,EQUIPAMENTO_EM_CONSERTO,5223286,10170597,FARMA CAMAPUA,602,2026-03-03T00:00:00+00:00,727deebe-9140-4cea-b144-a97701d683e0,15c31bee-f826-4b58-bc24-4ea8d8c85b9e
em_execucao,EM_EXECUCAO,5224148,10171158,FARMA CIDADE NOVA,621,2026-03-16T00:00:00+00:00,a7353cc8-3030-4d85-9d61-4c8fd3086ef8,c4c0854c-bcb9-4e36-ba16-6936ad67fc8d
em_execucao,EQUIPAMENTO_EM_CONSERTO,5223883,10171055,FARMA COROADO,645,2026-03-12T00:00:00+00:00,06f4de07-c961-44d4-8ee3-730059f66104,1dd58945-71dc-4532-9787-aba4a65b5bb1
em_execucao,EQUIPAMENTO_EM_CONSERTO,5223845,10171049,FARMA DJALMA,615,2026-03-13T00:00:00+00:00,de75748e-dcce-4f7e-bf37-bf673d8c509e,5c23e970-dd30-4104-b9b5-e87981ee16d7
em_execucao,EM_EXECUCAO,5223177,10170416,FARMA DOM PEDRO,636,2026-02-26T00:00:00+00:00,6a20a219-8481-4b82-a733-2c9772dcf1ab,cb63a17e-ca43-4ef9-bbc1-da3c897d941f
em_execucao,EQUIPAMENTO_EM_CONSERTO,5223448,10169803,FARMA DOM PEDRO,636,2026-03-04T00:00:00+00:00,75831699-b0ea-4818-a789-188981fd4a48,e40fb23c-fbb1-403d-b874-d4014776eb88
em_execucao,EM_EXECUCAO,5223782,10170884,FARMA DOM PEDRO,636,2026-03-11T00:00:00+00:00,c961c9cf-cb53-49b8-b069-76e1004c4130,46ec3d71-1eae-4478-a520-83994ec41d07
em_execucao,EM_EXECUCAO,5223783,10170885,FARMA DOM PEDRO,636,2026-03-11T00:00:00+00:00,c5fa7810-2458-4e24-bfdd-36d26d2b5a07,fabbbf48-b681-467f-8a52-6e5a95594aa9
em_execucao,EM_EXECUCAO,5223784,10170886,FARMA DOM PEDRO,636,2026-03-11T00:00:00+00:00,5ae17ee3-849d-443a-bc50-ef7944dfbf98,ed5945ff-3199-40b1-aeba-20e8abd47b0b
em_execucao,EQUIPAMENTO_EM_CONSERTO,5222970,10169849,FARMA EFIGENIO SALLES,643,2026-02-26T00:00:00+00:00,caa1c652-00a1-422e-a54b-eae56f427ed0,8790b9bb-94c5-47a1-a022-94c12f1e6ece
em_execucao,EM_EXECUCAO,5220079,10167686,FARMA FLORES,649,2026-01-13T00:00:00+00:00,09c35baf-a4d4-4f1c-8e59-d459f81f83b1,91be9c1d-bc38-4f89-93f3-4255947d0bf1
em_execucao,EM_EXECUCAO,5223699,10170869,FARMA FLORES,649,2026-03-11T00:00:00+00:00,88af2dac-5a70-47e6-b34f-91026e7339aa,ede9e589-731c-4e76-9f79-369957295f2c
em_execucao,EM_EXECUCAO,5223780,10170916,FARMA FLORES,649,2026-03-11T00:00:00+00:00,523da7fa-bb0e-434e-9959-dd325e89ea29,138e55a3-7ec5-4a8c-b066-3aff0665ae80
em_execucao,ENVIAR_EMAIL_PFORNECEDOR,5221043,10168508,FARMA FRANCESES,644,2026-01-19T00:00:00+00:00,0ce75e24-f34b-4d97-bbaf-205d6a128ed1,7f3f1353-7f38-4b6f-acc8-cdbde1f1afed
em_execucao,EQUIPAMENTO_EM_CONSERTO,5222971,10170126,FARMA FRANCESES,644,2026-02-26T00:00:00+00:00,be1b86c6-c66a-438d-abc2-4726a0dcd5d0,65ac902a-bc0e-4e04-85b8-d02b7c144837
em_execucao,EQUIPAMENTO_EM_CONSERTO,5223884,10171056,FARMA FRANCESES,644,2026-03-12T00:00:00+00:00,8a665c28-a080-45b3-a48e-b86643a30418,4b83f49b-29be-495e-aff3-da5ca4d50035
em_execucao,EM_EXECUCAO,5224142,10171237,FARMA JATUARANA,619,2026-03-16T00:00:00+00:00,9a5b9a32-c37b-4759-b204-9101f833df3c,bd83b0e5-39a9-447a-affe-848728f35579
em_execucao,EM_EXECUCAO,5220884,10168272,FARMA MANACAPURU,624,2026-01-14T00:00:00+00:00,08d611f7-9153-4d02-94ef-e6b73599c743,be81db3c-5d0d-4a3a-bcbc-8e887cb9ada2
em_execucao,EQUIPAMENTO_EM_CONSERTO,5222438,10168333,FARMA MANACAPURU,624,2026-02-13T00:00:00+00:00,c1e99627-7551-4127-a387-c1d2517378dd,29af96b9-ecc2-4a90-9108-c45a9b9a02e0
em_execucao,EM_EXECUCAO,5223180,10170031,FARMA MANAUARA,612,2026-02-26T00:00:00+00:00,c93aa2c4-4f85-4641-a631-89625c68fa09,ece17c68-180a-49e7-9611-fe60cfa25d90
em_execucao,ENVIAR_EMAIL_PFORNECEDOR,5222745,10170011,FARMA NOEL NUTELS,648,2026-02-19T00:00:00+00:00,b59c9306-200a-4990-8729-bb6f3672cf77,5cf619a1-1757-4675-ae5d-9f0a4cb99697
em_execucao,EQUIPAMENTO_EM_CONSERTO,5223844,10171048,FARMA NOEL NUTELS,648,2026-03-13T00:00:00+00:00,f13ed460-4bf3-4d71-ba32-6530a7f8c45c,0890ac8a-5b29-45ea-8db9-67bb4713f029
em_execucao,EM_EXECUCAO,5223337,10169996,FARMA VIA NORTE,642,2026-03-04T00:00:00+00:00,2b9980ba-a4d4-43dd-8a4d-5c6bf652d768,b82c304d-b785-4cce-8647-dc9e4ba2474d
em_execucao,EM_EXECUCAO,5223427,10170479,FARMA VIA NORTE,642,2026-03-04T00:00:00+00:00,425784f1-6d0b-4f2d-83c2-79db17681c65,e75dee4c-4c6c-42e0-b3a8-e174c7ed5cba
em_execucao,EM_EXECUCAO,5223825,10170569,GETULIO VARGAS,705,2026-03-12T00:00:00+00:00,27d34148-55b0-4c11-868c-6547d6e65d2e,25cc6717-c353-4f1b-8739-53d22ce5ee55
em_execucao,EM_EXECUCAO,5223826,10170515,GETULIO VARGAS,705,2026-03-12T00:00:00+00:00,be65fa83-7006-4a21-b6f3-fcbfc41311b1,cf74120b-c114-4357-9702-7515402bae9a
em_execucao,EM_EXECUCAO,5220876,10168237,GRANDE CIRCULAR,109,2026-01-15T00:00:00+00:00,f0412dba-a284-4f50-9c93-bed7a596c20a,f2577855-1f99-4da6-bdcb-8c73db74ab57
em_execucao,EQUIPAMENTO_EM_CONSERTO,5224223,10171362,GRANDE CIRCULAR,109,2026-03-17T00:00:00+00:00,2fd06af5-bb35-4187-98d5-038e3432f4d4,8583a052-43b6-445f-8579-a5205136a5a4
em_execucao,EM_EXECUCAO,5222520,10169725,IRANDUBA,550,2026-02-13T00:00:00+00:00,fe9f9176-cce1-4b0f-b17e-a1b97103d5fb,634bc9b2-f8b3-40ad-b501-d72b23343269
em_execucao,EM_EXECUCAO,5219468,10168053,ITACOATIARA,510,2026-01-10T00:00:00+00:00,a9e80108-009e-4524-8cf8-26998537eb16,dcc4d359-f309-4fbd-ae40-fb6d49bcd710
em_execucao,ENVIAR_EMAIL_PFORNECEDOR,5222339,10169625,ITACOATIARA,510,2026-02-11T00:00:00+00:00,dc43dc46-f6b3-499b-a86d-4ad382d6fde4,f8e329db-9098-41ca-8b7f-77cae71c07ee
em_execucao,ENVIAR_EMAIL_PFORNECEDOR,5223741,10170845,ITACOATIARA,510,2026-03-11T00:00:00+00:00,fb390cd7-93f8-4669-8018-78b594099d23,891f92b5-a01a-4bbb-a4e5-8decf84d19bc
em_execucao,EQUIPAMENTO_EM_CONSERTO,5223888,10171060,ITACOATIARA,510,2026-03-12T00:00:00+00:00,1c74d73f-6c68-4485-9627-334faf11bcac,70bfa080-456c-45bd-a66d-6dce3eaff367
em_execucao,EM_EXECUCAO,5222974,10170180,JATUARANA,204,2026-02-26T00:00:00+00:00,afea2275-0f36-42a7-b93c-bbad94af6467,c2a7a8de-106f-4df2-8261-0fcdc7e84475
em_execucao,EM_EXECUCAO,5223360,10170537,JATUARANA,204,2026-03-02T00:00:00+00:00,1b2119e9-3732-41a9-bb65-02e2c34292d0,4deec755-f4ad-40b9-aebd-cd969ed0b662
em_execucao,EM_EXECUCAO,5223465,10170536,JATUARANA,204,2026-03-05T00:00:00+00:00,815f8f76-085b-4435-9982-333c2da91891,54280812-f19d-474b-8aa1-a03155db6459
em_execucao,EQUIPAMENTO_EM_CONSERTO,5223493,10170752,JATUARANA,204,2026-03-07T00:00:00+00:00,ae5ea82e-7968-4281-b166-22179f1ed7b2,460d4ffe-f6c0-49e2-9f5c-4e91fbd89dba
em_execucao,EQUIPAMENTO_EM_CONSERTO,5223494,10170751,JATUARANA,204,2026-03-07T00:00:00+00:00,b47dd801-e44c-45e3-8133-db703b9ab4bb,741d19f6-8e2a-4359-93a1-c86e4dd1017d
em_execucao,EQUIPAMENTO_EM_CONSERTO,5223495,10170749,JATUARANA,204,2026-03-07T00:00:00+00:00,eec8653d-2c24-4142-9aee-a1d51616c50e,2ed14d40-b371-40de-974b-e58604ee3f64
em_execucao,EQUIPAMENTO_EM_CONSERTO,5223496,10170747,JATUARANA,204,2026-03-07T00:00:00+00:00,c9d3fab3-8f65-420c-9f70-a369c2fe9833,56a575e5-093c-43fa-8a63-708d0b32bb7b
em_execucao,ENVIAR_EMAIL_PFORNECEDOR,5223497,10170698,JATUARANA,204,2026-03-07T00:00:00+00:00,d936f822-f108-4d1f-bc48-fa754bf0f88b,d7778a3b-df18-421e-a3ba-240c53c15dcd
em_execucao,EQUIPAMENTO_EM_CONSERTO,5223498,10170701,JATUARANA,204,2026-03-07T00:00:00+00:00,1b7802fc-6387-4346-8f95-d759bf4d7b06,65aa5d68-6caa-47a0-a6a0-9ec9d773354b
em_execucao,EQUIPAMENTO_EM_CONSERTO,5223499,10170748,JATUARANA,204,2026-03-07T00:00:00+00:00,47e8ad42-c594-473c-b17a-fe585aa32ca1,0fc5aa7f-4bd5-4dfb-9a80-0778ca087dbe
em_execucao,ENVIAR_EMAIL_PFORNECEDOR,5223580,10170753,JATUARANA,204,2026-03-07T00:00:00+00:00,845162e4-ed8b-41d4-bc35-f1df958f410a,91d8fad6-b914-44b4-8dbb-06f8d6e4ae18
em_execucao,ENVIAR_EMAIL_PFORNECEDOR,5223581,10170700,JATUARANA,204,2026-03-07T00:00:00+00:00,e5e87025-dfe1-47f1-a241-f2a6fa73cce6,e47030b3-ef06-4cad-a606-f4a85d308a29
em_execucao,EQUIPAMENTO_EM_CONSERTO,5223582,10170754,JATUARANA,204,2026-03-07T00:00:00+00:00,7d139c90-7944-4e2f-9941-fa35a7cfb8ec,bbcfc4d5-c93a-4f16-b8b6-d2dfbb32aac0
em_execucao,EQUIPAMENTO_EM_CONSERTO,5223583,10170702,JATUARANA,204,2026-03-07T00:00:00+00:00,6d1b951e-ace5-4e25-ba58-606b3bfe3f99,fe4f403d-835b-4329-84e0-a5d02b92fcc4
em_execucao,EQUIPAMENTO_EM_CONSERTO,5223584,10170699,JATUARANA,204,2026-03-07T00:00:00+00:00,d39a2101-68fc-4b0d-8e94-33861eb8a1b7,894b2c55-5c6e-481e-b221-37df251b83e2
em_execucao,ENVIAR_EMAIL_PFORNECEDOR,5223585,10170703,JATUARANA,204,2026-03-07T00:00:00+00:00,6b922032-7497-4f13-a0fa-7ff6899e2c35,7a6b5342-86bf-4bab-83df-62cac39054cc
em_execucao,EQUIPAMENTO_EM_CONSERTO,5223586,10170746,JATUARANA,204,2026-03-07T00:00:00+00:00,6a020237-7681-4a11-b819-63fab9257510,0fdc15e1-4786-49f7-9ecf-9ca5096c7d02
em_execucao,ENVIAR_EMAIL_PFORNECEDOR,5223587,10170744,JATUARANA,204,2026-03-07T00:00:00+00:00,c480c31f-fa78-44fc-b0d7-aa90d4127b73,02e0140b-69c4-45ca-b3a2-b8a8740960eb
em_execucao,EQUIPAMENTO_EM_CONSERTO,5223588,10170745,JATUARANA,204,2026-03-07T00:00:00+00:00,c8cbaaa6-013c-435c-b897-102e7498302c,00aa085a-5b8e-454e-97cc-2db85b53adf2
em_execucao,EM_EXECUCAO,5223466,10170226,JI-PARANA,205,2026-03-05T00:00:00+00:00,145b18fc-ffe4-4919-961a-68a0ee5c1f45,85d946e7-ef26-43ef-9c94-6e020b526939
em_execucao,EM_EXECUCAO,5224154,10170227,JI-PARANA,205,2026-03-16T00:00:00+00:00,311a044e-08e8-4c13-b1a4-b7feb75c56cf,9ad022c7-b455-4402-9f60-c1202dc88638
em_execucao,EM_EXECUCAO,5223231,10169091,MAJOR WILLIAMS,706,2026-02-26T00:00:00+00:00,d5a5632e-3779-4afc-a25e-3582db6fdc92,e2e283f4-f728-44f9-9197-aad9f66317c5
em_execucao,EM_EXECUCAO,5223439,10170637,MAJOR WILLIAMS,706,2026-03-05T00:00:00+00:00,4552c92c-330f-4d71-9de2-e15fce80f5f7,aac8105c-2cfa-4d7a-bfb1-d846af4573f2
em_execucao,EM_EXECUCAO,5223461,10170610,MAJOR WILLIAMS,706,2026-03-05T00:00:00+00:00,cc113653-c7ee-453c-bafb-1743a3a8ea5d,bc64829f-279f-49d4-b87f-68eba5af1310
em_execucao,EM_EXECUCAO,5223464,10170607,MAJOR WILLIAMS,706,2026-03-05T00:00:00+00:00,74e1e3a9-6104-41be-a914-57d14a92d7f3,b47011f1-c40b-4835-ae4c-c73cda236a93
em_execucao,EM_EXECUCAO,5221890,10168776,MANACAPURU,520,2026-01-30T00:00:00+00:00,87703f10-4acf-4f5d-bff1-da5ac791df14,26c82502-21b8-48b9-8351-497c8431553c
em_execucao,ENVIAR_EMAIL_PFORNECEDOR,5222505,10169766,MANACAPURU,520,2026-02-13T00:00:00+00:00,d55b959d-185d-4f39-874b-a25030d9bf18,c8c0de18-9aa5-44a1-bcae-3aa97d27175c
em_execucao,EQUIPAMENTO_EM_CONSERTO,5222977,10169827,MANACAPURU,520,2026-02-26T00:00:00+00:00,bce9119e-ac13-4af7-a370-90e363a54f24,6e2d77c8-7130-44a7-9f62-ebfa146845fc
em_execucao,EM_EXECUCAO,5223628,10170495,MANACAPURU,520,2026-03-09T00:00:00+00:00,a31cd0b4-32a6-41d4-a471-edbb9a6427a8,97d00891-0689-4783-bc5f-eb24f20d450f
em_execucao,EQUIPAMENTO_EM_CONSERTO,5223843,10171047,MANAQUIRI,570,2026-03-13T00:00:00+00:00,ee2c2fbc-ba35-46b9-a4e8-146e2c120536,009e6146-a8af-4485-be77-8f92d311496d
em_execucao,EM_EXECUCAO,5224155,10170706,MANAQUIRI,570,2026-03-16T00:00:00+00:00,c92089e7-32e8-4b2c-929a-4871e33c81f1,166e876d-26d6-4316-9a29-9009f7a4aaa6
em_execucao,EM_EXECUCAO,5217888,10167902,MATRIZ,101,2026-01-07T00:00:00+00:00,2a5add69-5521-4d86-bbe7-afa6931c6e09,513af048-c26c-40c7-8f34-47465890a8b8
em_execucao,EM_EXECUCAO,5219771,10168097,MATRIZ,101,2026-01-12T00:00:00+00:00,0c897503-f3da-45ab-b472-d9758808e44b,7f12dbbe-51e3-4390-bd4a-60ae5b794ff4
em_execucao,EM_EXECUCAO,5220603,10168234,MATRIZ,101,2026-01-13T00:00:00+00:00,6acea738-d749-4c14-b4bc-5c9c29f5b24a,33fef424-924a-47f0-92da-0c1821d04e83
em_execucao,EM_EXECUCAO,5221024,10168467,MATRIZ,101,2026-01-17T00:00:00+00:00,9a909b65-6ba8-4bce-aa20-d6fc1ec822bf,22299daf-9e30-45f1-892b-53613997b060
em_execucao,EQUIPAMENTO_EM_CONSERTO,5221941,10169226,MATRIZ,101,2026-01-31T00:00:00+00:00,68fe46c3-628d-414c-9e12-b613b7bd687b,ec0b5ad0-ae5c-4145-82b6-65aa4e1c88f8
em_execucao,EQUIPAMENTO_EM_CONSERTO,5222268,10169526,MATRIZ,101,2026-02-07T00:00:00+00:00,fbbaeaaa-aa69-42fd-b0e6-bbcd46e78d71,86c0a2dc-6ef2-43b2-b40c-ac21d1ccc159
em_execucao,EQUIPAMENTO_EM_CONSERTO,5222284,10169614,MATRIZ,101,2026-02-09T00:00:00+00:00,64cd0f7f-b885-40aa-9821-d16ab0f37f65,a5fe38b5-959e-4c52-a067-ae41fb8cd349
em_execucao,EQUIPAMENTO_EM_CONSERTO,5222286,10169238,MATRIZ,101,2026-02-09T00:00:00+00:00,d3472c0a-fc05-4c77-8ba6-3fec373ef664,cef07795-978e-4dd3-ac66-9ea015ad8013
em_execucao,ENVIAR_EMAIL_PFORNECEDOR,5222519,10168786,MATRIZ,101,2026-02-13T00:00:00+00:00,800f40d0-f7d2-4902-aa44-f5fc8973fa0c,90a6046c-41f8-409f-a2ee-70399b8f2cd0
em_execucao,EQUIPAMENTO_EM_CONSERTO,5222554,10169834,MATRIZ,101,2026-02-13T00:00:00+00:00,d73037c9-9537-463c-8f2a-f59e23656904,d9c06f9c-6abe-4066-86e9-337c8f0ebd9c
em_execucao,EQUIPAMENTO_EM_CONSERTO,5222555,10169835,MATRIZ,101,2026-02-13T00:00:00+00:00,00afca1b-0389-4664-8786-8e5bd169617e,e87200ab-f407-4e74-812d-e636d5165a86
em_execucao,EM_EXECUCAO,5222994,10170382,MATRIZ,101,2026-02-25T00:00:00+00:00,302077a5-6874-44bd-bd2a-b2d9d598ef02,913ce278-177e-4903-82b1-794dec0cd7c5
em_execucao,EQUIPAMENTO_EM_CONSERTO,5223163,10170414,MATRIZ,101,2026-02-26T00:00:00+00:00,df0be27f-0789-45c0-8d06-8442769efe15,b2f060da-fc94-4a6b-b758-4ab381a021be
em_execucao,EM_EXECUCAO,5223269,10170527,MATRIZ,101,2026-03-02T00:00:00+00:00,a8180d3d-e635-4c22-b392-5778eaa2cab1,de4325ab-094d-4561-b52e-087f8429ffad
em_execucao,EM_EXECUCAO,5223565,10170788,MATRIZ,101,2026-03-09T00:00:00+00:00,ee01beae-ed71-4896-9b9e-459a98c7d5c2,794f606b-d1cf-4223-b24e-6f503aa28576
em_execucao,EM_EXECUCAO,5223639,10170868,MATRIZ,101,2026-03-10T00:00:00+00:00,87f4939e-6c23-42c0-9b69-e037e1710bc5,e567f361-8524-4ff6-b58e-bfdcf0a55037
em_execucao,EM_EXECUCAO,5223789,10170937,MATRIZ,101,2026-03-11T00:00:00+00:00,a7e5e0e3-50e8-497c-b61e-1aa735eb9da0,840fc833-6f20-43a9-8cf0-7c6176418ae5
em_execucao,EQUIPAMENTO_EM_CONSERTO,5223870,10171014,MATRIZ,101,2026-03-13T00:00:00+00:00,2b100472-5e70-466c-b67c-9fdd40f36d99,12e16b99-46aa-45e8-8d7a-9f813148fe6d
em_execucao,EM_EXECUCAO,5223950,10171128,MATRIZ,101,2026-03-13T00:00:00+00:00,1c5514dd-78a7-4cb0-8b67-94f5ee129aaf,b9ec2361-0e96-4694-9975-72e4285a8ed5
em_execucao,EM_EXECUCAO,5223953,10171134,MATRIZ,101,2026-03-13T00:00:00+00:00,90196750-d7c7-48d2-ad7e-09a58aaf2fb6,92651298-8012-4648-9705-90a62500cc4b
em_execucao,EM_EXECUCAO,5224219,10171294,MATRIZ,101,2026-03-17T00:00:00+00:00,03c3b2ac-d903-4352-9985-dc7658914cbc,07ecbc79-f92b-4d76-ae0c-b73a29e1ca9a
em_execucao,EM_EXECUCAO,5224282,10171302,MATRIZ,101,2026-03-17T00:00:00+00:00,2a71e8b2-9ee7-4a3c-8702-bead9f4ba031,eab8e7ff-77f4-4731-b7df-1404dce9f41a
em_execucao,ENVIAR_EMAIL_PFORNECEDOR,5221285,10168705,NOVA CIDADE,121,2026-01-21T00:00:00+00:00,43fd5bd4-7f28-4347-b0a0-1df6f9af6d9f,9ea91f65-126e-4371-85d1-75915e3628d7
em_execucao,EM_EXECUCAO,5222447,10169395,NOVA CIDADE,121,2026-02-12T00:00:00+00:00,75d6d872-0df4-49d6-858d-da4f8bbb73b8,e493020d-fb54-4962-ba7c-153d350e7ffa
em_execucao,EM_EXECUCAO,5223233,10170063,NOVA CIDADE,121,2026-02-27T00:00:00+00:00,282e97fc-6d6d-414b-9499-801b51037233,0dc35c61-bd3b-4c09-be01-a52bf1899fa6
em_execucao,EM_EXECUCAO,5223424,10170413,NOVA CIDADE,121,2026-03-04T00:00:00+00:00,23bb6a2a-1770-4403-bc0b-a2d1164c0309,9081f907-39be-42a9-beb6-ade7119f64e2
em_execucao,EM_EXECUCAO,5223520,10170513,NOVA CIDADE,121,2026-03-06T00:00:00+00:00,5ccaaed4-5e5d-4bf1-8761-33e32d45269b,a2e92e91-bce9-4fde-8540-c6587933b1f8
em_execucao,EM_EXECUCAO,5223522,10170243,NOVA CIDADE,121,2026-03-06T00:00:00+00:00,ffa628c2-0598-4c49-ab34-0fabb0ccb9e7,a4f29cd0-29c4-4b2f-b6d8-d787e14e9581
em_execucao,EM_EXECUCAO,5223698,10170909,NOVA CIDADE,121,2026-03-11T00:00:00+00:00,86757e60-5c14-43d4-94c1-3b96b0b25533,42fbd94a-70de-46a8-83e6-809c3b873b55
em_execucao,EM_EXECUCAO,5223785,10170846,NOVA CIDADE,121,2026-03-11T00:00:00+00:00,bb913e63-d0a9-48e7-93a6-17ae0e3a5dc3,dc36acc8-19e2-4614-8f1f-347c6285170c
em_execucao,EM_EXECUCAO,5223421,10170600,PARINTINS,590,2026-03-04T00:00:00+00:00,d9bbd7c3-f084-47df-a6a6-575e260293b6,55094580-e02f-4c79-8c63-a73bc9ac772c
em_execucao,EQUIPAMENTO_EM_CONSERTO,5223900,10171074,PARINTINS,590,2026-03-12T00:00:00+00:00,e0b0f5b1-8565-4e2f-a71c-e36034223b13,57fe116c-a6bf-4d91-a99a-f8cbb8555f87
em_execucao,EM_EXECUCAO,5223386,10170573,PONTA NEGRA,114,2026-03-03T00:00:00+00:00,4f1ff48d-5167-43a9-9fc8-4863cd8702ea,85dee71b-c2b3-4a3a-b91a-0117d3566ba9
em_execucao,EQUIPAMENTO_EM_CONSERTO,5223869,10171091,PONTA NEGRA,114,2026-03-13T00:00:00+00:00,8e1871d3-6401-44af-84f9-690fb9ab4dfb,5d817da3-3f13-461e-9656-707c629a5dfc
em_execucao,EQUIPAMENTO_EM_CONSERTO,5223887,10171059,PONTA NEGRA,114,2026-03-12T00:00:00+00:00,6199acd0-3eea-497b-a90e-325f859b6055,ce512851-ab5b-46a0-b833-84f3721dfdd9
em_execucao,EQUIPAMENTO_EM_CONSERTO,5223960,10171086,PONTA NEGRA,114,2026-03-13T00:00:00+00:00,404f0e79-e786-4919-af7c-73de18ab5150,beacc957-aafa-4981-b6e3-512bef7b3c4e
em_execucao,EM_EXECUCAO,5223230,10169989,PORTO VELHO CENTRO,201,2026-02-26T00:00:00+00:00,4c06d41c-8484-4cf2-8fab-f3c71036f26b,caf11f2f-34a8-4f5d-9235-d253a620b8ab
em_execucao,EM_EXECUCAO,5224059,10171236,PORTO VELHO CENTRO,201,2026-03-16T00:00:00+00:00,21f8370f-af05-4484-b2ab-36b2b5dde3af,4e06d88a-9955-470c-9e94-ef425b0bb89d
em_execucao,EQUIPAMENTO_EM_CONSERTO,5217969,10168040,PRESIDENTE FIGUEIREDO,530,2026-01-08T00:00:00+00:00,90989b5c-f3dc-4e7b-b6b3-24af71b90e9e,dcd89f6e-a3d1-414d-8447-31ce7fe1544b
em_execucao,EQUIPAMENTO_EM_CONSERTO,5223555,10170842,PRESIDENTE FIGUEIREDO,530,2026-03-10T00:00:00+00:00,bf7d48b2-163d-4689-a9cf-130304836496,c2e52ee2-3abf-4b51-9061-2f6eab4e6031
em_execucao,EM_EXECUCAO,5224152,10170843,PRESIDENTE FIGUEIREDO,530,2026-03-16T00:00:00+00:00,f4acf1e0-d1cb-40c4-9d41-c968281bc361,ebc1736e-f1b9-47f2-b1ee-34ca17b5eef8
em_execucao,EM_EXECUCAO,5224153,10170906,PRESIDENTE FIGUEIREDO,530,2026-03-16T00:00:00+00:00,f5dfeb9f-d7e5-4e3b-b22a-5136e12d6b52,678bae28-f64a-4360-b240-c57b034f8378
em_execucao,EM_EXECUCAO,5216890,10167700,RIO BRANCO,401,2026-01-05T00:00:00+00:00,2862b7ce-6235-4b07-911c-b93665e71b83,4077eacf-5b18-4e3f-be00-8817e1aea6fd
em_execucao,EM_EXECUCAO,5221860,10169054,RIO BRANCO,401,2026-01-28T00:00:00+00:00,216ff5c7-30a4-4ae0-bd88-cc31bfd7a1ad,89cc874c-6df2-4a24-bb90-9201fd0676b2
em_execucao,EM_EXECUCAO,5221427,10168299,RIO PRETO,560,2026-01-22T00:00:00+00:00,ef20ab0a-033e-4970-a55f-63070093c1c1,6e5bdfc3-8198-43e0-a834-43933227ee75
em_execucao,EM_EXECUCAO,5221751,10169061,RIO PRETO,560,2026-01-28T00:00:00+00:00,3061bc30-0e54-4227-b0a9-87871cc02c71,d17cd52c-a335-4da8-b9a0-6ab558bc59ad
em_execucao,EQUIPAMENTO_EM_CONSERTO,5221671,10168917,SHOPPING MANAUARA,119,2026-01-27T00:00:00+00:00,83a86133-dbf1-41ed-85b7-468657c7f54e,6d7646e4-4c10-40b7-afe2-12bc3285833b
em_execucao,EM_EXECUCAO,5223260,10170182,SHOPPING MANAUARA,119,2026-02-27T00:00:00+00:00,2302860c-6093-499c-9031-e57a63eec55c,1c14ce0e-e356-4eaf-88a2-f864f984c69e
em_execucao,EM_EXECUCAO,5224053,10171167,SHOPPING MANAUARA,119,2026-03-16T00:00:00+00:00,69e26d63-5bec-4f66-84a6-c9d710902df6,bf972eec-605a-430e-afe8-c7a094352153
em_execucao,EM_EXECUCAO,5224055,10171165,SHOPPING MANAUARA,119,2026-03-16T00:00:00+00:00,317d2b53-3cac-439c-8959-6cd005a28d82,6da4e5f9-6e61-49e2-9190-3a8bafccf6f4
em_execucao,EM_EXECUCAO,5222230,10169532,SHOPPING PONTA NEGRA,120,2026-02-09T00:00:00+00:00,9a4fb5e1-5025-4845-a12e-8fed16e9b220,177ea0c7-6003-484d-a9c8-32d30140762c
em_execucao,ENVIAR_EMAIL_PFORNECEDOR,5223688,10170919,SHOPPING STUDIO 5,116,2026-03-11T00:00:00+00:00,a707337b-c594-4de2-9ea2-a8e7982fd2de,9fc8f68b-6036-49d7-ba1e-948d8fe5cd40
em_execucao,EQUIPAMENTO_EM_CONSERTO,5222976,10169831,TORQUATO,500,2026-02-26T00:00:00+00:00,8f746fd8-5e56-40fb-a3e1-6188b709cc73,25478333-4957-4df3-b6b8-dd4d7ab3152e
em_execucao,ENVIAR_EMAIL_PFORNECEDOR,5223160,10170125,TORQUATO,500,2026-02-26T00:00:00+00:00,08988a65-38f8-4436-8b07-0d32bcf0c065,353b799a-b355-45c4-b950-2b22c667187a
em_execucao,EM_EXECUCAO,5223524,10170664,TORQUATO,500,2026-03-06T00:00:00+00:00,3168015e-25bb-4e2a-b5d7-f776bfd56b03,45513eab-0b14-4ce7-88af-5a626dd805c4
em_execucao,EM_EXECUCAO,5223835,10170997,TORQUATO,500,2026-03-12T00:00:00+00:00,b1feac75-a5a7-44e5-9a0e-e6205884f892,60963cf7-b3c5-4e43-b4df-cb37641105bb
em_execucao,EM_EXECUCAO,5223836,10170998,TORQUATO,500,2026-03-12T00:00:00+00:00,2588b32e-352f-40cd-963b-b3497fea5813,ed9d281a-df78-450c-a30f-4290b9065217
em_execucao,EM_EXECUCAO,5223946,10171038,TORQUATO,500,2026-03-13T00:00:00+00:00,526d7b5c-9cec-4052-8eb4-13608d39c093,17114721-35e1-4035-b629-471bb56d0214
em_execucao,EM_EXECUCAO,5224058,10171216,TORQUATO,500,2026-03-16T00:00:00+00:00,a3ee1653-cb1e-4291-9991-d2ab6b27462a,5feb4879-32d9-4ddf-af73-ed9152ce691e
em_execucao,EM_EXECUCAO,5224159,10171159,TORQUATO,500,2026-03-16T00:00:00+00:00,2efc773e-c2ee-4a1e-bbaf-41120d388ba9,d9ca7f28-1abc-4db8-b9f2-2e387069e704
nao_realizada,EXECUCAO_NAO_REALIZADA,5223174,10170298,AMAZONAS SHOPPING,106,2026-02-26T00:00:00+00:00,b9eeca96-8476-4764-ad1f-5227d76569c8,2feb659e-96a1-4845-be77-328f88f0c551
nao_realizada,EXECUCAO_NAO_REALIZADA,5223447,10170196,CAMAPUA,118,2026-03-04T00:00:00+00:00,e05205d7-7dc5-41f9-94ce-f6df90e43be8,07428af5-e433-43f2-8466-56e6e536bf02
nao_realizada,EXECUCAO_NAO_REALIZADA,5221136,10168888,CIDADE NOVA,115,2026-01-26T00:00:00+00:00,74fe3880-7aab-4ae3-8a1b-3c0bca986602,42b4dd7f-4711-48cb-abe5-9b5a86bed56b
nao_realizada,EXECUCAO_NAO_REALIZADA,5222081,10169241,CIDADE NOVA,115,2026-02-03T00:00:00+00:00,8a262af5-6468-4969-a3e8-8f1e84db3d95,eee170a4-34ee-4510-a4c0-813b8790651e
nao_realizada,EXECUCAO_NAO_REALIZADA,5222128,10169388,CIDADE NOVA,115,2026-02-05T00:00:00+00:00,2ce3fc38-727b-4516-8913-b035dc113b10,28aca28d-ed41-4565-965d-1baeb465d9e6
nao_realizada,EXECUCAO_NAO_REALIZADA,5222644,10169860,CIDADE NOVA,115,2026-02-16T00:00:00+00:00,966f5784-f7b8-4fdd-85ea-d2d9d749fa05,c04c6b27-e8ce-431c-a69d-bd1e3d482883
nao_realizada,EXECUCAO_NAO_REALIZADA,5223372,10170535,CIDADE NOVA,115,2026-03-03T00:00:00+00:00,51f3a0cf-2ca1-489f-bb82-de6ed80b69e1,808b1dd1-8545-4946-a933-3e4856e304c0
nao_realizada,EXECUCAO_NAO_REALIZADA,5223215,10170387,COARI,591,2026-02-26T00:00:00+00:00,2788c6ba-4407-48e1-a604-93069089a998,9128123d-3304-464c-ad3b-f01a6ca99e11
nao_realizada,EXECUCAO_NAO_REALIZADA,5223442,10170612,COARI,591,2026-03-04T00:00:00+00:00,ea94dd89-b1ad-4ae0-9e13-d2ab5373d423,6fe112f6-e576-42bc-946c-d1cf2349d131
nao_realizada,EXECUCAO_NAO_REALIZADA,5223443,10170611,COARI,591,2026-03-04T00:00:00+00:00,bf4b1809-1920-4ace-b69e-fb77cce011a8,9c91df92-4c1a-4316-a660-fca04ef0e9f5
nao_realizada,EXECUCAO_NAO_REALIZADA,5222493,10169690,CODAJAS,561,2026-02-11T00:00:00+00:00,c10b82ef-b1fe-41c9-b0fd-e5b175793f83,3c390fff-2616-4f8a-8e85-bcc86b897b38
nao_realizada,EXECUCAO_NAO_REALIZADA,5222792,10169990,EDUCANDOS,105,2026-02-20T00:00:00+00:00,acaa1710-141d-408e-8c88-b120772ffa35,82ed5778-6367-46de-82e3-3de18455b64b
nao_realizada,EXECUCAO_NAO_REALIZADA,5220897,10168472,FARMA GETULIO VARGAS,627,2026-01-19T00:00:00+00:00,b629bddf-25cb-4881-8a71-50f03ee0f83a,bf489b6a-bdab-4bec-979b-8e85a8dcd4fd
nao_realizada,EXECUCAO_NAO_REALIZADA,5217063,10167546,FARMA VIA NORTE,642,2026-01-02T00:00:00+00:00,284dc124-8d33-4b51-8402-bf18f28741ca,5caf57a5-b79d-405c-8914-c7b7cdff1413
nao_realizada,EXECUCAO_NAO_REALIZADA,5222812,10169992,GRANDE CIRCULAR,109,2026-02-23T00:00:00+00:00,9ed970d1-f417-4a8b-a318-2a0cbf332f21,b9040cb3-ff44-4538-9525-a76b3503b564
nao_realizada,EXECUCAO_NAO_REALIZADA,5223278,10170557,GRANDE CIRCULAR,109,2026-03-02T00:00:00+00:00,a2693cd2-5b4e-4b7d-9e44-ff187dbcd65a,83d98c8c-59b8-4629-9731-67397a0363a1
nao_realizada,EXECUCAO_NAO_REALIZADA,5223474,10170684,GRANDE CIRCULAR,109,2026-03-06T00:00:00+00:00,f5d6746e-4342-4539-9351-d74a3dd8d895,92ab5e7c-71a0-4877-992c-750e6db4d8b8
nao_realizada,EXECUCAO_NAO_REALIZADA,5223629,10170683,GRANDE CIRCULAR,109,2026-03-09T00:00:00+00:00,96aaca00-15ec-43ac-8f9d-e9bc60846720,846155d0-232f-4d86-8373-0e05d34e6882
nao_realizada,EXECUCAO_NAO_REALIZADA,5222655,10169838,ITACOATIARA,510,2026-02-16T00:00:00+00:00,ee6681af-23b4-473d-bc34-98368c04146a,274e43e4-9dff-40d2-93b5-62c4afdf57eb
nao_realizada,EXECUCAO_NAO_REALIZADA,5219292,10168074,PORTO VELHO CENTRO,201,2026-01-09T00:00:00+00:00,fed682af-3a10-4633-8c01-42304433a25e,5de3c0fc-d0f6-45b8-81a5-865a46efc897
nao_realizada,EXECUCAO_NAO_REALIZADA,5220113,10168160,PORTO VELHO CENTRO,201,2026-01-12T00:00:00+00:00,8795d24f-a700-4027-bd9a-114da8f148fc,651b38fa-177d-44de-aa4d-915c3385b5b4
nao_realizada,EXECUCAO_NAO_REALIZADA,5220114,10168161,PORTO VELHO CENTRO,201,2026-01-12T00:00:00+00:00,8a6e0e8d-9455-4059-9d60-4dacee254af4,d3293380-0010-4fa6-b9bc-7b6a816b8a04
nao_realizada,EXECUCAO_NAO_REALIZADA,5222110,10169571,PORTO VELHO CENTRO,201,2026-02-10T00:00:00+00:00,4d3ac6d3-b601-480a-a583-fd0e59dadbc5,61d527df-c29a-4767-8925-1a854b272f36
nao_realizada,EXECUCAO_NAO_REALIZADA,5222111,10169572,PORTO VELHO CENTRO,201,2026-02-10T00:00:00+00:00,9f20c578-f028-471b-a341-cb7fcc505607,a8d4456b-071f-44b3-bbdf-a5f88e28a3af
nao_realizada,EXECUCAO_NAO_REALIZADA,5222112,10169573,PORTO VELHO CENTRO,201,2026-02-10T00:00:00+00:00,bcd890fc-9f3c-46f8-84e3-729fb57b38a4,d1681779-be99-4b30-9754-475d0428bb95
nao_realizada,EXECUCAO_NAO_REALIZADA,5222113,10169694,PORTO VELHO CENTRO,201,2026-02-10T00:00:00+00:00,2441a76f-41ab-4acf-b4d2-173a40f372a8,7c3c2177-2a4c-4b76-be2b-b1c057b4f9fb
nao_realizada,EXECUCAO_NAO_REALIZADA,5217935,10168013,RIO PRETO,560,2026-01-09T00:00:00+00:00,88a807a0-6c8c-456c-bd7e-f69cfdddc97a,9c7cc23d-aa28-4d32-9a91-b7b8db50705d
nao_realizada,EXECUCAO_NAO_REALIZADA,5221840,10169029,SHOPPING MANAUARA,119,2026-01-28T00:00:00+00:00,0211c953-c1f2-4253-b92d-c46d31499fcb,36cb6142-2fad-4df1-b7da-8fa3bbe1fd61
nao_realizada,EXECUCAO_NAO_REALIZADA,5222629,10169900,SHOPPING MANAUARA,119,2026-02-16T00:00:00+00:00,41c95afd-0934-4634-9519-57426e425192,7feebb72-066f-40d5-b513-69d09aeed7c2
nao_realizada,EXECUCAO_NAO_REALIZADA,5223226,10170194,SHOPPING MANAUARA,119,2026-02-26T00:00:00+00:00,60f4e808-c46d-49a1-acd1-03c933b624ac,d1f40295-1830-44dc-b383-16a59010d01a
nao_realizada,EXECUCAO_NAO_REALIZADA,5223232,10170383,SHOPPING MANAUARA,119,2026-02-27T00:00:00+00:00,cd2050bf-a1b9-4b37-aa39-0c13656eb41e,35c9e680-286b-42d8-a058-2cb573c656b1
nao_realizada,EXECUCAO_NAO_REALIZADA,5222589,10169453,SHOPPING PORTO VELHO,202,2026-02-18T00:00:00+00:00,e0365a82-46b9-42e0-869e-0bc5d5392ec3,5601b189-1559-4442-a215-ef8889cd5aeb
nao_realizada,EXECUCAO_NAO_REALIZADA,5222292,10169718,SHOPPING STUDIO 5,116,2026-02-13T00:00:00+00:00,35191ddc-6d75-4ceb-84d0-ed766ce1a46b,af9cb500-bbed-4b8f-bf21-2170a6f939e2
nao_realizada,EXECUCAO_NAO_REALIZADA,5222641,10169853,SHOPPING STUDIO 5,116,2026-02-15T00:00:00+00:00,4e809533-dac8-499b-a626-d675f118fb05,f1aeeb96-c67e-40fd-8226-7365dc732961